FirstName,LastName,ID,Email,Username,Department
John,Doe,40123456,johndoe@example.com,johndoe,Software Engineering
Jane,Smith,40123457,janesmith@example.com,janesmith,Computer Science
Michael,Johnson,40123458,mjohnson@example.com,mjohnson,Data Engineering
Emily,Davis,40123459,edavis@example.com,edavis,Cyber Security Engineering
David,Miller,40123460,dmiller@example.com,dmiller,Computer Science
Sarah,Williams,40123461,swilliams@example.com,swilliams,Computer Engineering
James,Brown,40123462,jbrown@example.com,jbrown,Data Science
Jessica,Jones,40123463,jjones@example.com,jjones,Software Engineering
Christopher,Garcia,40123464,cgarcia@example.com,cgarcia,Computer Science
Ashley,Martinez,40123465,amartinez@example.com,amartinez,Data Engineering
Hector,Rodriguez,40123466,hrodriguez@example.com,hrodriguez,Data Science
Mary,Thompson,40123467,mthompson@example.com,mthompson,Cyber Security Engineering
Charles,Scott,40123468,cscott@example.com,cscott,Computer Engineering
Linda,Green,40123469,lgreen@example.com,lgreen,Software Engineering
John,Lee,40123470,jlee@example.com,jlee,Data Science
Rebecca,Clark,40123471,rclark@example.com,rclark,Computer Science
Kevin,Moore,40123472,kmoore@example.com,kmoore,Computer Engineering
Carl,Wilson,40123473,cwilson@example.com,cwilson,Data Engineering
Melissa,Parker,40123474,mparker@example.com,mparker,Cyber Security Engineering
Aaron,Sanders,40123475,asanders@example.com,asanders,Computer Science
Will,Carter,40123476,wcarter@example.com,wcarter,Data Science
Julia,Harris,40123477,jharris@example.com,jharris,Software Engineering
Amy,Patterson,40123478,apatterson@example.com,apatterson,Computer Engineering
Tom,James,40123479,tjames@example.com,tjames,Cyber Security Engineering
Rachel,Bennett,40123480,rbennett@example.com,rbennett,Data Engineering
